{"cameraMode":{"drawMode":0,"name":"Shaded","section":"Shading Mode"},"sceneLighting":true,"audioPlay":false,"sceneViewState":{"showFog":true,"showMaterialUpdate":false,"showSkybox":true,"showFlares":true,"showImageEffects":true,"showParticleSystems":true},"in2DMode":false,"pivot":{"x":-2.192490339279175,"y":1.5089879035949708,"z":46.255279541015628},"rotation":{"x":-0.005651380401104689,"y":-0.024968305602669717,"z":-0.00014424390974454582,"w":0.9996722936630249},"size":50.32066345214844,"orthographic":false}