{"cameraMode":{"drawMode":0,"name":"Shaded","section":"Shading Mode"},"sceneLighting":true,"audioPlay":false,"sceneViewState":{"showFog":true,"showMaterialUpdate":false,"showSkybox":false,"showFlares":true,"showImageEffects":true,"showParticleSystems":true},"in2DMode":false,"pivot":{"x":2.3956611156463625,"y":0.8137589693069458,"z":0.007182955741882324},"rotation":{"x":-0.2057516723871231,"y":0.2779783606529236,"z":-0.06108515337109566,"w":-0.9363027811050415},"size":1.0010380744934083,"orthographic":false}