{"cameraMode":{"drawMode":0,"name":"Shaded","section":"Shading Mode"},"sceneLighting":false,"audioPlay":false,"sceneViewState":{"showFog":true,"showMaterialUpdate":false,"showSkybox":false,"showFlares":true,"showImageEffects":true,"showParticleSystems":true},"in2DMode":false,"pivot":{"x":-0.35290682315826418,"y":0.08275485038757324,"z":0.44786888360977175},"rotation":{"x":-0.15553590655326844,"y":0.5867064595222473,"z":-0.11606890708208084,"w":-0.7862011194229126},"size":1.2502436637878419,"orthographic":false}